INSERT INTO `activities` (`type`) VALUES
('PR, Дизайн, Маркетинг'),
('Бизнес и предприемачество'),
('Други'),
('Екология и земеделие'),
('Изкуство'),
('ИТ'),
('Култура'),
('Медицина и здравеопазване'),
('Медия и комуникации'),
('Меки умения'),
('Образование'),
('Природни науки'),
('Социални дейности'),
('Социални науки'),
('Спорт'),
('Технически науки'),
('Туризъм'),
('Хуманитарни науки');

INSERT INTO `countries` (`id`, `country`) VALUES
(1, 'България');

INSERT INTO `cities` (`id`, `city`, `post_code`, `country_id`) VALUES
(1, 'София', 1000, 1),
(2, 'Пловдив', 4000, 1),
(3, 'Варна', 9000, 1),
(4, 'Бургас', 8000, 1),
(5, 'Русе', 7000, 1),
(6, 'Стара Загора', 6000, 1),
(7, 'Плевен', 5800, 1),
(8, 'Добрич', 9300, 1),
(9, 'Сливен', 8800, 1),
(10, 'Шумен', 9700, 1),
(11, 'Перник', 2300, 1),
(12, 'Ямбол', 8600, 1),
(13, 'Хасково', 6300, 1),
(14, 'Пазарджик', 4400, 1),
(15, 'Благоевград', 2700, 1),
(16, 'Велико Търново', 5000, 1),
(17, 'Враца', 3000, 1),
(18, 'Габрово', 5300, 1),
(19, 'Видин', 3700, 1),
(20, 'Асеновград', 4230, 1),
(21, 'Казанлък', 6100, 1),
(22, 'Кюстендил', 2500, 1),
(23, 'Кърджали', 6600, 1),
(24, 'Монтана', 3400, 1),
(25, 'Димитровград', 6400, 1),
(26, 'Търговище', 7700, 1),
(27, 'Силистра', 7500, 1),
(28, 'Ловеч', 5500, 1),
(29, 'Дупница', 2600, 1),
(30, 'Разград', 7200, 1),
(31, 'Свищов', 5250, 1),
(32, 'Горна Оряховица', 5100, 1),
(33, 'Смолян', 4700, 1),
(34, 'Петрич', 2850, 1),
(35, 'Сандански', 2800, 1),
(36, 'Самоков', 2000, 1),
(37, 'Севлиево', 5400, 1),
(38, 'Лом', 3600, 1),
(39, 'Велинград', 4600, 1),
(40, 'Карлово', 4300, 1),
(41, 'Нова Загора', 8900, 1),
(42, 'Троян', 5600, 1),
(43, 'Айтос', 8500, 1),
(44, 'Ботевград', 2140, 1),
(45, 'Пещера', 4550, 1),
(46, 'Гоце Делчев', 2900, 1),
(47, 'Харманли', 6450, 1),
(48, 'Карнобат', 8400, 1),
(49, 'Свиленград', 6500, 1),
(50, 'Панагюрище', 4500, 1),
(51, 'Чирпан', 6200, 1),
(52, 'Попово', 7800, 1),
(53, 'Раковски', 4150, 1),
(54, 'Радомир', 2400, 1),
(55, 'Червен бряг', 5980, 1),
(56, 'Първомай', 4270, 1),
(57, 'Берковица', 3500, 1),
(58, 'Козлодуй', 3320, 1),
(59, 'Поморие', 8200, 1),
(60, 'Нови пазар', 9900, 1),
(61, 'Нови Искър', 1000, 1),
(62, 'Раднево', 6260, 1),
(63, 'Провадия', 9200, 1),
(64, 'Ихтиман', 2050, 1),
(65, 'Несебър', 8230, 1),
(66, 'Бяла Слатина', 3000, 1),
(67, 'Разлог', 2760, 1),
(68, 'Балчик', 9600, 1),
(69, 'Стамболийски', 4210, 1),
(70, 'Каварна', 9650, 1),
(71, 'Костинброд', 2230, 1),
(72, 'Павликени', 5200, 1),
(73, 'Мездра', 3100, 1),
(74, 'Кнежа', 5835, 1),
(75, 'Етрополе', 2180, 1),
(76, 'Левски', 5900, 1),
(77, 'Банкя', 1320, 1),
(78, 'Елхово', 8700, 1),
(79, 'Тетевен', 5700, 1),
(80, 'Трявна', 5350, 1),
(81, 'Луковит', 5770, 1),
(82, 'Тутракан', 7600, 1),
(83, 'Сопот', 4330, 1),
(84, 'Исперих', 7400, 1),
(85, 'Бяла(Варна)', 7100, 1),
(86, 'Девня', 9160, 1),
(87, 'Средец', 8300, 1),
(88, 'Омуртаг', 7900, 1),
(89, 'Велики Преслав', 9850, 1),
(90, 'Гълъбово', 6280, 1),
(91, 'Лясковец', 5140, 1),
(92, 'Белене', 5930, 1),
(93, 'Кричим', 4220, 1),
(94, 'Септември', 4490, 1),
(95, 'Ракитово', 4640, 1),
(96, 'Момчилград', 6800, 1),
(97, 'Банско', 2770, 1),
(98, 'Дряново', 5370, 1),
(99, 'Белослав', 9178, 1),
(100, 'Кубрат', 7300, 1),
(101, 'Своге', 2260, 1),
(102, 'Аксаково', 9154, 1),
(103, 'Любимец', 6550, 1),
(104, 'Пирдоп', 2070, 1),
(105, 'Хисаря', 4180, 1),
(106, 'Златоград', 4980, 1),
(107, 'Сливница', 2200, 1),
(108, 'Симитли', 2730, 1),
(109, 'Симеоновград', 6490, 1),
(110, 'Долни чифлик', 9120, 1),
(111, 'Генерал Тошево', 9500, 1),
(112, 'Елин Пелин', 2100, 1),
(113, 'Дулово', 7650, 1),
(114, 'Костенец', 2030, 1),
(115, 'Девин', 4800, 1),
(116, 'Тервел', 9450, 1),
(117, 'Мадан', 4900, 1),
(118, 'Вършец', 3540, 1),
(119, 'Бобов дол', 2670, 1),
(120, 'Стралджа', 8680, 1),
(121, 'Царево', 8260, 1),
(122, 'Котел', 8970, 1),
(123, 'Твърдица', 8890, 1),
(124, 'Елена', 5070, 1),
(125, 'Куклен', 4101, 1),
(126, 'Съединение', 4190, 1),
(127, 'Оряхово', 3300, 1),
(128, 'Тополовград', 6560, 1),
(129, 'Якоруда', 2790, 1),
(130, 'Созопол', 8130, 1),
(131, 'Белоградчик', 3900, 1),
(132, 'Чепеларе', 4850, 1),
(133, 'Стражица', 5150, 1),
(134, 'Камено', 8120, 1),
(135, 'Перущица', 4225, 1),
(136, 'Божурище', 2227, 1),
(137, 'Златица', 2080, 1),
(138, 'Суворово', 9170, 1),
(139, 'Крумовград', 6900, 1),
(140, 'Дългопол', 9250, 1),
(141, 'Ветово', 7080, 1),
(142, 'Долна баня', 2040, 1),
(143, 'Полски Тръмбеш', 5180, 1),
(144, 'Койнаре', 5986, 1),
(145, 'Долни Дъбник', 5870, 1),
(146, 'Тръстеник', 5857, 1),
(147, 'Неделино', 4990, 1),
(148, 'Славяново', 5840, 1),
(149, 'Правец', 2161, 1),
(150, 'Годеч', 2240, 1),
(151, 'Брацигово', 4579, 1),
(152, 'Стрелча', 4530, 1),
(153, 'Две могили', 7150, 1),
(154, 'Костандово', 4644, 1),
(155, 'Игнатиево', 9143, 1),
(156, 'Свети Влас', 8256, 1),
(157, 'Смядово', 9820, 1),
(158, 'Брезник', 2360, 1),
(159, 'Сапарева баня', 2650, 1),
(160, 'Дебелец', 5030, 1),
(161, 'Никопол', 5940, 1),
(162, 'Белово', 4470, 1),
(163, 'Ардино', 6750, 1),
(164, 'Цар Калоян', 7280, 1),
(165, 'Ивайловград', 6570, 1),
(166, 'Шивачево', 8895, 1),
(167, 'Рудозем', 4960, 1),
(168, 'Вълчедръм', 3650, 1),
(169, 'Летница', 5570, 1),
(170, 'Мартен', 7058, 1),
(171, 'Искър', 5972, 1),
(172, 'Приморско', 8180, 1),
(173, 'Глоджево', 7040, 1),
(174, 'Кресна', 2840, 1),
(175, 'Върбица', 9870, 1),
(176, 'Сърница', 4633, 1),
(177, 'Шабла', 9680, 1),
(178, 'Гулянци', 5960, 1),
(179, 'Долна Митрополия', 5855, 1),
(180, 'Батак', 4580, 1),
(181, 'Мъглиж', 6180, 1),
(182, 'Мизия', 3330, 1),
(183, 'Кула', 3800, 1),
(184, 'Баня - Община Карлово', 4360, 1),
(185, 'Криводол', 3060, 1),
(186, 'Завет', 7330, 1),
(187, 'Сливо поле', 7060, 1),
(188, 'Каспичан', 9930, 1),
(189, 'Драгоман', 2210, 1),
(190, 'Ветрен', 4480, 1),
(191, 'Сунгурларе', 8470, 1),
(192, 'Белица', 2780, 1),
(193, 'Роман', 3130, 1),
(194, 'Джебел', 6850, 1),
(195, 'Калофер', 4370, 1),
(196, 'Априлци', 5641, 1),
(197, 'Николаево', 6190, 1),
(198, 'Гурково', 6199, 1),
(199, 'Бухово', 1830, 1),
(200, 'Павел баня', 6155, 1),
(201, 'Долна Оряховица', 5130, 1),
(202, 'Опака', 7840, 1),
(203, 'Каблешково', 8210, 1),
(204, 'Рила', 2630, 1),
(205, 'Ябланица', 5750, 1),
(206, 'Хаджидимово', 2933, 1),
(207, 'Угърчин', 5580, 1),
(208, 'Златарица', 5090, 1),
(209, 'Добринище', 2777, 1),
(210, 'Бяла черква', 5220, 1),
(211, 'Дунавци', 3740, 1),
(212, 'Брегово', 3790, 1),
(213, 'Трън', 2460, 1),
(214, 'Лъки', 4241, 1),
(215, 'Малко Търново', 8162, 1),
(216, 'Копривщица', 2077, 1),
(217, 'Садово', 4122, 1),
(218, 'Доспат', 4831, 1),
(219, 'Борово', 7174, 1),
(220, 'Кочериново', 2640, 1),
(221, 'Обзор', 8250, 1),
(222, 'Килифарево', 5050, 1),
(223, 'Лозница', 7290, 1),
(224, 'Бяла(Русе)', 9101, 1),
(225, 'Батановци', 2340, 1),
(226, 'Черноморец', 8142, 1),
(227, 'Пордим', 5898, 1),
(228, 'Ахелой', 8217, 1),
(229, 'Сухиндол', 5240, 1),
(230, 'Българово', 8110, 1),
(231, 'Чипровци', 3460, 1),
(232, 'Главиница', 7630, 1),
(233, 'Брезово', 4160, 1),
(234, 'Кермен', 8870, 1),
(235, 'Меричлери', 6430, 1),
(236, 'Плачковци', 5360, 1),
(237, 'Земен', 2440, 1),
(238, 'Каолиново', 9960, 1),
(239, 'Алфатар', 7570, 1),
(240, 'Момин проход', 2035, 1),
(241, 'Бойчиновци', 3430, 1),
(242, 'Грамада', 3830, 1),
(243, 'Сеново', 7038, 1),
(244, 'Антоново', 7970, 1),
(245, 'Ахтопол', 8280, 1),
(246, 'Шипка', 6150, 1),
(247, 'Бобошево', 2660, 1),
(248, 'Болярово', 8720, 1),
(249, 'Брусарци', 3680, 1),
(250, 'Димово', 3750, 1),
(251, 'Клисура', 4341, 1),
(252, 'Китен', 8183, 1),
(253, 'Плиска', 9920, 1),
(254, 'Маджарово', 6480, 1),
(255, 'Мелник', 2820, 1);

INSERT INTO `educations` (`education`) VALUES
('Бакалавър'),
('Доктор'),
('Магистър'),
('Начално'),
('Основно'),
('Професор'),
('Средно');

INSERT INTO `event_cost_types` (`cost`) VALUES
('Напълно поети'),
('Непоети'),
('Частично поети');

INSERT INTO `languages` (`language`) VALUES
('Английски'),
('Арабски'),
('Български'),
('Испански'),
('Италиански'),
('Китайски'),
('Немски'),
('Руски'),
('Турски'),
('Френски'),
('Японски');

INSERT INTO `opportunity_categories` (`id`, `category`) VALUES
(1, 'Конференции'),
(2, 'Работилници'),
(3, 'Летни училища'),
(4, 'Стажове'),
(5, 'Доброволчество'),
(6, 'Състезания'),
(7, 'Стипендии'),
(8, 'Обмени'),
(9, 'Инициативи'),
(10, 'Други');

INSERT INTO `opportunities` (`opportunity`, `opportunity_categories_id`) VALUES
('Бизнес проекти', 6),
('В държавна институция', 4),
('В НПО', 4),
('В страната', 5),
('В частна компания', 4),
('В чужбина', 5),
('Видеа', 6),
('Друго', 4),
('Друго', 5),
('Друго', 6),
('Друго', 7),
('Друго', 9),
('Есета', 6),
('За бакалавър', 7),
('За докторант', 7),
('За изследване', 7),
('За магистър', 7),
('За проект', 7),
('Креативни идеи', 6),
('Олимпиади', 6),
('От индивидуален потребител', 9),
('От организация', 9),
('Снимки', 6),
('Конференция', 1),
('Работилница', 2),
('Лятно училище', 3),
('Стаж', 8),
('Друго', 10);


INSERT INTO `organizations_types` (`type`) VALUES
('Друго'),
('Компания'),
('НПО'),
('Университет'),
('Училище'),
('Фондация');

INSERT INTO `roles` (`role_name`) VALUES
('ORGANIZATION'),
('INDIVIDUAL'),
('ADMINISTRATOR');

INSERT INTO `users` (`username`, `password`, `email`,`status`) VALUES
('Admin', 'test', 'teko999@abv.bg', 'NEW');

INSERT INTO `users_roles` (`user_id`, `role_id`) VALUES
(1, 3);

ALTER TABLE activities CONVERT TO CHARACTER SET utf8;
ALTER TABLE auths CONVERT TO CHARACTER SET utf8;
ALTER TABLE cities CONVERT TO CHARACTER SET utf8;
ALTER TABLE countries CONVERT TO CHARACTER SET utf8;
ALTER TABLE educations CONVERT TO CHARACTER SET utf8;
ALTER TABLE events_activities CONVERT TO CHARACTER SET utf8;
ALTER TABLE events_lectors CONVERT TO CHARACTER SET utf8;
ALTER TABLE events_participants CONVERT TO CHARACTER SET utf8;
ALTER TABLE events_programs_lectors CONVERT TO CHARACTER SET utf8;
ALTER TABLE events_sponsors CONVERT TO CHARACTER SET utf8;
ALTER TABLE event_cost_types CONVERT TO CHARACTER SET utf8;
ALTER TABLE individuals CONVERT TO CHARACTER SET utf8;
ALTER TABLE individuals_languages CONVERT TO CHARACTER SET utf8;
ALTER TABLE languages CONVERT TO CHARACTER SET utf8;
ALTER TABLE lectors CONVERT TO CHARACTER SET utf8;
ALTER TABLE opportunities CONVERT TO CHARACTER SET utf8;
ALTER TABLE opportunity_categories CONVERT TO CHARACTER SET utf8;
ALTER TABLE organizations CONVERT TO CHARACTER SET utf8;
ALTER TABLE organizations_forms CONVERT TO CHARACTER SET utf8;
ALTER TABLE organizations_likes CONVERT TO CHARACTER SET utf8;
ALTER TABLE organizations_types CONVERT TO CHARACTER SET utf8;
ALTER TABLE roles CONVERT TO CHARACTER SET utf8;
ALTER TABLE sponsors CONVERT TO CHARACTER SET utf8;
ALTER TABLE users CONVERT TO CHARACTER SET utf8;
ALTER TABLE users_activities CONVERT TO CHARACTER SET utf8;
ALTER TABLE users_events CONVERT TO CHARACTER SET utf8;
ALTER TABLE users_roles CONVERT TO CHARACTER SET utf8;
ALTER TABLE user_infos CONVERT TO CHARACTER SET utf8;
