<?xml version="1.0" encoding="UTF-8" standalone="yes"?><history><sql date="1385892841636" url="jdbc:postgresql://ec2-54-247-184-115.eu-west-1.compute.amazonaws.com:5432/d4jm9tf1gs1sbv?ssl=true&amp;sslfactory=org.postgresql.ssl.NonValidatingFactory">select * from eschool.subjects</sql><sql date="1385892903779" url="jdbc:postgresql://ec2-54-247-184-115.eu-west-1.compute.amazonaws.com:5432/d4jm9tf1gs1sbv?ssl=true&amp;sslfactory=org.postgresql.ssl.NonValidatingFactory">select * from eschool.classes</sql><sql date="1385892883664" url="jdbc:postgresql://ec2-54-247-184-115.eu-west-1.compute.amazonaws.com:5432/d4jm9tf1gs1sbv?ssl=true&amp;sslfactory=org.postgresql.ssl.NonValidatingFactory">select * from eschool.teachers</sql><sql date="1385892861088" url="jdbc:postgresql://ec2-54-247-184-115.eu-west-1.compute.amazonaws.com:5432/d4jm9tf1gs1sbv?ssl=true&amp;sslfactory=org.postgresql.ssl.NonValidatingFactory">select * from eschool.teacher_subjects</sql></history>