<?xml version="1.0" encoding="UTF-8"?>
<!DOCTYPE codetemplates PUBLIC "-//NetBeans//DTD Editor Code Templates settings 1.0//EN" "http://www.netbeans.org/dtds/EditorCodeTemplates-1_0.dtd">
<codetemplates>
    <codetemplate abbreviation="cffile" contexts="cake-code" xml:space="preserve">
        <code><![CDATA[echo $this->Form->file('${field}'${cursor});]]></code>
        <description><![CDATA[CakePHP]]></description>
    </codetemplate>
    <codetemplate abbreviation="cfsec" contexts="cake-code" xml:space="preserve">
        <code><![CDATA[echo $this->Form->select(${cursor});]]></code>
        <description><![CDATA[CakePHP]]></description>
    </codetemplate>
    <codetemplate abbreviation="crrefl" contexts="cake-code" xml:space="preserve">
        <code><![CDATA[$this->request->referer(${$local})${cursor}]]></code>
        <description><![CDATA[CakePHP]]></description>
    </codetemplate>
    <codetemplate abbreviation="creqa2" contexts="cake-code" xml:space="preserve">
        <code><![CDATA[$this->requestAction(array('controller' => '${articles}', 'action' => '${featured}'), array('return'))${cursor}]]></code>
        <description><![CDATA[CakePHP]]></description>
    </codetemplate>
    <codetemplate abbreviation="ccr" contexts="cake-code" xml:space="preserve">
        <code><![CDATA[ClassRegistry::init('${Model}');${cursor}]]></code>
        <description><![CDATA[CakePHP]]></description>
    </codetemplate>
    <codetemplate abbreviation="crss" contexts="cake-code" xml:space="preserve">
        <code><![CDATA[$this->Rss->${cursor}]]></code>
        <description><![CDATA[CakePHP]]></description>
    </codetemplate>
    <codetemplate abbreviation="ccookie" contexts="cake-code" xml:space="preserve">
        <code><![CDATA[$this->Cookie->${cursor}]]></code>
        <description><![CDATA[CakePHP]]></description>
    </codetemplate>
    <codetemplate abbreviation="cscheck" contexts="cake-code" xml:space="preserve">
        <code><![CDATA[$this->Session->check('${name}')${cursor}]]></code>
        <description><![CDATA[CakePHP]]></description>
    </codetemplate>
    <codetemplate abbreviation="csflash" contexts="cake-code" xml:space="preserve">
        <code><![CDATA[$this->Session->flash('${key}');${cursor}]]></code>
        <description><![CDATA[CakePHP]]></description>
    </codetemplate>
    <codetemplate abbreviation="csdelete" contexts="cake-code" xml:space="preserve">
        <code><![CDATA[$this->Session->delete('${name}')${cursor}]]></code>
        <description><![CDATA[CakePHP]]></description>
    </codetemplate>
    <codetemplate abbreviation="crequesth" contexts="cake-code" xml:space="preserve">
        <code><![CDATA[$this->RequestHandler->${cursor}]]></code>
        <description><![CDATA[CakePHP]]></description>
    </codetemplate>
    <codetemplate abbreviation="chscrstart" contexts="cake-code" xml:space="preserve">
        <code><![CDATA[$this->Html->scriptStart(${cursor});${cursor}]]></code>
        <description><![CDATA[CakePHP]]></description>
    </codetemplate>
    <codetemplate abbreviation="cstart" contexts="cake-code" xml:space="preserve">
        <code><![CDATA[$this->start('${name}');${cursor}]]></code>
        <description><![CDATA[CakePHP]]></description>
    </codetemplate>
    <codetemplate abbreviation="cbelongs" contexts="cake-code" xml:space="preserve">
        <code><![CDATA[
public $belongsTo = array(
    '${User}' => array(
        'className'    => '${User}',
        'foreignKey'   => '${user_id}'
    )
);${cursor}]]></code>
        <description><![CDATA[CakePHP]]></description>
    </codetemplate>
    <codetemplate abbreviation="cfinputs" contexts="cake-code" xml:space="preserve">
        <code><![CDATA[echo $this->Form->inputs(${cursor});]]></code>
        <description><![CDATA[CakePHP]]></description>
    </codetemplate>
    <codetemplate abbreviation="cpaginator" contexts="cake-code" xml:space="preserve">
        <code><![CDATA[$this->Paginator->${cursor}]]></code>
        <description><![CDATA[CakePHP]]></description>
    </codetemplate>
    <codetemplate abbreviation="cth" contexts="cake-code" xml:space="preserve">
        <code><![CDATA[public $theme = '${Theme}';${cursor}]]></code>
        <description><![CDATA[CakePHP]]></description>
    </codetemplate>
    <codetemplate abbreviation="ctime" contexts="cake-code" xml:space="preserve">
        <code><![CDATA[$this->Time->${cursor}]]></code>
        <description><![CDATA[CakePHP]]></description>
    </codetemplate>
    <codetemplate abbreviation="csecurity" contexts="cake-code" xml:space="preserve">
        <code><![CDATA[$this->Security->${cursor}]]></code>
        <description><![CDATA[CakePHP]]></description>
    </codetemplate>
    <codetemplate abbreviation="cfunlock" contexts="cake-code" xml:space="preserve">
        <code><![CDATA[echo $this->Form->unlockField(${cursor});]]></code>
        <description><![CDATA[CakePHP]]></description>
    </codetemplate>
    <codetemplate abbreviation="chscrend" contexts="cake-code" xml:space="preserve">
        <code><![CDATA[$this->Html->scriptEnd();${cursor}]]></code>
        <description><![CDATA[CakePHP]]></description>
    </codetemplate>
    <codetemplate abbreviation="cacts" contexts="cake-code" xml:space="preserve">
        <code><![CDATA[public $actsAs = array('${Behavior}');${cursor}]]></code>
        <description><![CDATA[CakePHP]]></description>
    </codetemplate>
    <codetemplate abbreviation="chscr" contexts="cake-code" xml:space="preserve">
        <code><![CDATA[echo $this->Html->script('${script}');${cursor}]]></code>
        <description><![CDATA[CakePHP]]></description>
    </codetemplate>
    <codetemplate abbreviation="cftext" contexts="cake-code" xml:space="preserve">
        <code><![CDATA[echo $this->Form->textarea('${field}'${cursor});]]></code>
        <description><![CDATA[CakePHP]]></description>
    </codetemplate>
    <codetemplate abbreviation="cemail" contexts="cake-code" xml:space="preserve">
        <code><![CDATA[$this->Email->${cursor}]]></code>
        <description><![CDATA[CakePHP]]></description>
    </codetemplate>
    <codetemplate abbreviation="cflabel" contexts="cake-code" xml:space="preserve">
        <code><![CDATA[echo $this->Form->label(${cursor});]]></code>
        <description><![CDATA[CakePHP]]></description>
    </codetemplate>
    <codetemplate abbreviation="chcss" contexts="cake-code" xml:space="preserve">
        <code><![CDATA[echo $this->Html->css('${css}');${cursor}]]></code>
        <description><![CDATA[CakePHP]]></description>
    </codetemplate>
    <codetemplate abbreviation="cex" contexts="cake-code" xml:space="preserve">
        <code><![CDATA[echo $this->extend('${name}');${cursor}]]></code>
        <description><![CDATA[CakePHP]]></description>
    </codetemplate>
    <codetemplate abbreviation="cfday" contexts="cake-code" xml:space="preserve">
        <code><![CDATA[echo $this->Form->day('${field}'${cursor});]]></code>
        <description><![CDATA[CakePHP]]></description>
    </codetemplate>
    <codetemplate abbreviation="cfet" contexts="cake-code" xml:space="preserve">
        <code><![CDATA[echo $this->fetch('${name}');${cursor}]]></code>
        <description><![CDATA[CakePHP]]></description>
    </codetemplate>
    <codetemplate abbreviation="chlink" contexts="cake-code" xml:space="preserve">
        <code><![CDATA[echo $this->Html->link('${title}', ${$url});${cursor}]]></code>
        <description><![CDATA[CakePHP]]></description>
    </codetemplate>
    <codetemplate abbreviation="csession" contexts="cake-code" xml:space="preserve">
        <code><![CDATA[$this->Session->${cursor}]]></code>
        <description><![CDATA[CakePHP]]></description>
    </codetemplate>
    <codetemplate abbreviation="crjson" contexts="cake-code" xml:space="preserve">
        <code><![CDATA[$$${data} = $this->request->input('json_decode');${cursor}]]></code>
        <description><![CDATA[CakePHP]]></description>
    </codetemplate>
    <codetemplate abbreviation="crref" contexts="cake-code" xml:space="preserve">
        <code><![CDATA[$this->request->referer()${cursor}]]></code>
        <description><![CDATA[CakePHP]]></description>
    </codetemplate>
    <codetemplate abbreviation="chtml" contexts="cake-code" xml:space="preserve">
        <code><![CDATA[$this->Html->${cursor}]]></code>
        <description><![CDATA[CakePHP]]></description>
    </codetemplate>
    <codetemplate abbreviation="crescache" contexts="cake-code" xml:space="preserve">
        <code><![CDATA[$this->response->cache('${-1 minute}', '${+5 days}');${cursor}]]></code>
        <description><![CDATA[CakePHP]]></description>
    </codetemplate>
    <codetemplate abbreviation="cel" contexts="cake-code" xml:space="preserve">
        <code><![CDATA[echo $this->element('${element}');${cursor}]]></code>
        <description><![CDATA[CakePHP]]></description>
    </codetemplate>
    <codetemplate abbreviation="chimgl" contexts="cake-code" xml:space="preserve">
        <code><![CDATA[echo $this->Html->image('${path}', array('alt' => '${alt}', 'url' => '${url}'));${cursor}]]></code>
        <description><![CDATA[CakePHP]]></description>
    </codetemplate>
    <codetemplate abbreviation="cfminute" contexts="cake-code" xml:space="preserve">
        <code><![CDATA[echo $this->Form->minute('${field}'${cursor});]]></code>
        <description><![CDATA[CakePHP]]></description>
    </codetemplate>
    <codetemplate abbreviation="cnfe" contexts="cake-code" xml:space="preserve">
        <code><![CDATA[throw new NotFoundException('${404 Error - Page not found}');${cursor}]]></code>
        <description><![CDATA[CakePHP]]></description>
    </codetemplate>
    <codetemplate abbreviation="cuses" contexts="cake-code" xml:space="preserve">
        <code><![CDATA[public $uses = array('${Model}');${cursor}]]></code>
        <description><![CDATA[CakePHP]]></description>
    </codetemplate>
    <codetemplate abbreviation="csvalid" contexts="cake-code" xml:space="preserve">
        <code><![CDATA[$this->Session->valid()${cursor}]]></code>
        <description><![CDATA[CakePHP]]></description>
    </codetemplate>
    <codetemplate abbreviation="chtmle" contexts="cake-code" xml:space="preserve">
        <code><![CDATA[echo $this->Html->${cursor}]]></code>
        <description><![CDATA[CakePHP]]></description>
    </codetemplate>
    <codetemplate abbreviation="creqa" contexts="cake-code" xml:space="preserve">
        <code><![CDATA[$this->requestAction('${path}')${cursor}]]></code>
        <description><![CDATA[CakePHP]]></description>
    </codetemplate>
    <codetemplate abbreviation="cnumber" contexts="cake-code" xml:space="preserve">
        <code><![CDATA[$this->Number->${cursor}]]></code>
        <description><![CDATA[CakePHP]]></description>
    </codetemplate>
    <codetemplate abbreviation="cfdate" contexts="cake-code" xml:space="preserve">
        <code><![CDATA[echo $this->Form->dateTime('${field}'${cursor});]]></code>
        <description><![CDATA[CakePHP]]></description>
    </codetemplate>
    <codetemplate abbreviation="crxml" contexts="cake-code" xml:space="preserve">
        <code><![CDATA[$$${data} = $this->request->input('Xml::build', array('return' => 'domdocument'));${cursor}]]></code>
        <description><![CDATA[CakePHP]]></description>
    </codetemplate>
    <codetemplate abbreviation="cfselect" contexts="cake-code" xml:space="preserve">
        <code><![CDATA[echo $this->Form->select('${field}'${cursor});]]></code>
        <description><![CDATA[CakePHP]]></description>
    </codetemplate>
    <codetemplate abbreviation="ctitle" contexts="cake-code" xml:space="preserve">
        <code><![CDATA[$this->set('title_for_layout', '${title}');${cursor}]]></code>
        <description><![CDATA[CakePHP]]></description>
    </codetemplate>
    <codetemplate abbreviation="cel2" contexts="cake-code" xml:space="preserve">
        <code><![CDATA[echo $this->element('${element}', array('${var}' => ${'message'}));${cursor}]]></code>
        <description><![CDATA[CakePHP]]></description>
    </codetemplate>
    <codetemplate abbreviation="pdu" xml:space="preserve">
        <code><![CDATA[echo '<pre>';
print_r(${$var});
echo '</pre>';

]]></code>
    </codetemplate>
    <codetemplate abbreviation="cred" contexts="cake-code" xml:space="preserve">
        <code><![CDATA[$this->redirect('${url}');${cursor}]]></code>
        <description><![CDATA[CakePHP]]></description>
    </codetemplate>
    <codetemplate abbreviation="cconfw" contexts="cake-code" xml:space="preserve">
        <code><![CDATA[Configure::write('${conifg}', ${value});${cursor}]]></code>
        <description><![CDATA[CakePHP]]></description>
    </codetemplate>
    <codetemplate abbreviation="chscrstarti" contexts="cake-code" xml:space="preserve">
        <code><![CDATA[$this->Html->scriptStart(array('inline' => ${false}));${cursor}]]></code>
        <description><![CDATA[CakePHP]]></description>
    </codetemplate>
    <codetemplate abbreviation="cvalid" contexts="cake-code" xml:space="preserve">
        <code><![CDATA[public $validate = array(${cursor});]]></code>
        <description><![CDATA[CakePHP]]></description>
    </codetemplate>
    <codetemplate abbreviation="cauth" contexts="cake-code" xml:space="preserve">
        <code><![CDATA[$this->Auth->${cursor}]]></code>
        <description><![CDATA[CakePHP]]></description>
    </codetemplate>
    <codetemplate abbreviation="ctexte" contexts="cake-code" xml:space="preserve">
        <code><![CDATA[echo $this->Text->${cursor}]]></code>
        <description><![CDATA[CakePHP]]></description>
    </codetemplate>
    <codetemplate abbreviation="ccomp" contexts="cake-code" xml:space="preserve">
        <code><![CDATA[public $components = array('${Component}');${cursor}]]></code>
        <description><![CDATA[CakePHP]]></description>
    </codetemplate>
    <codetemplate abbreviation="cconfr" contexts="cake-code" xml:space="preserve">
        <code><![CDATA[Configure::read('${var}')${cursor}]]></code>
        <description><![CDATA[CakePHP]]></description>
    </codetemplate>
    <codetemplate abbreviation="cset" contexts="cake-code" xml:space="preserve">
        <code><![CDATA[$this->set('${name}', $$${var});${cursor}]]></code>
        <description><![CDATA[CakePHP]]></description>
    </codetemplate>
    <codetemplate abbreviation="cren" contexts="cake-code" xml:space="preserve">
        <code><![CDATA[$this->render('${view}');${cursor}]]></code>
        <description><![CDATA[CakePHP]]></description>
    </codetemplate>
    <codetemplate abbreviation="cforme" contexts="cake-code" xml:space="preserve">
        <code><![CDATA[echo $this->Form->${cursor}]]></code>
        <description><![CDATA[CakePHP]]></description>
    </codetemplate>
    <codetemplate abbreviation="cfmeridian" contexts="cake-code" xml:space="preserve">
        <code><![CDATA[echo $this->Form->meridian('${field}'${cursor});]]></code>
        <description><![CDATA[CakePHP]]></description>
    </codetemplate>
    <codetemplate abbreviation="ctheme" contexts="cake-code" xml:space="preserve">
        <code><![CDATA[$this->theme = '${Theme}';${cursor}]]></code>
        <description><![CDATA[CakePHP]]></description>
    </codetemplate>
    <codetemplate abbreviation="chchar" contexts="cake-code" xml:space="preserve">
        <code><![CDATA[echo $this->Html->charset(${cursor});${cursor}]]></code>
        <description><![CDATA[CakePHP]]></description>
    </codetemplate>
    <codetemplate abbreviation="cpaginatore" contexts="cake-code" xml:space="preserve">
        <code><![CDATA[echo $this->Paginator->${cursor}]]></code>
        <description><![CDATA[CakePHP]]></description>
    </codetemplate>
    <codetemplate abbreviation="cferror" contexts="cake-code" xml:space="preserve">
        <code><![CDATA[echo $this->Form->error('${field}'${cursor});]]></code>
        <description><![CDATA[CakePHP]]></description>
    </codetemplate>
    <codetemplate abbreviation="cfradio" contexts="cake-code" xml:space="preserve">
        <code><![CDATA[echo $this->Form->radio('${field}'${cursor});]]></code>
        <description><![CDATA[CakePHP]]></description>
    </codetemplate>
    <codetemplate abbreviation="cswrite" contexts="cake-code" xml:space="preserve">
        <code><![CDATA[$this->Session->write('${name}')${cursor}]]></code>
        <description><![CDATA[CakePHP]]></description>
    </codetemplate>
    <codetemplate abbreviation="chelpclass" contexts="cake-code" xml:space="preserve">
        <code><![CDATA[App::uses('AppHelper', 'View/Helper');

class ${CakeFileName} extends AppHelper {
	public function ${method}() {
		${cursor}
	}
}]]></code>
        <description><![CDATA[CakePHP]]></description>
    </codetemplate>
    <codetemplate abbreviation="cfmonth" contexts="cake-code" xml:space="preserve">
        <code><![CDATA[echo $this->Form->month('${field}'${cursor});]]></code>
        <description><![CDATA[CakePHP]]></description>
    </codetemplate>
    <codetemplate abbreviation="cserr" contexts="cake-code" xml:space="preserve">
        <code><![CDATA[$this->Session->error();${cursor}]]></code>
        <description><![CDATA[CakePHP]]></description>
    </codetemplate>
    <codetemplate abbreviation="croa" contexts="cake-code" xml:space="preserve">
        <code><![CDATA[$this->request->onlyAllow(${$methods})${cursor}]]></code>
        <description><![CDATA[CakePHP]]></description>
    </codetemplate>
    <codetemplate abbreviation="crdata" contexts="cake-code" xml:space="preserve">
        <code><![CDATA[$this->request->data${cursor}]]></code>
        <description><![CDATA[CakePHP]]></description>
    </codetemplate>
    <codetemplate abbreviation="cmodel" contexts="cake-code" xml:space="preserve">
        <code><![CDATA[$this->${CakeModel}->${cursor}]]></code>
        <description><![CDATA[CakePHP]]></description>
    </codetemplate>
    <codetemplate abbreviation="cform" contexts="cake-code" xml:space="preserve">
        <code><![CDATA[$this->Form->${cursor}]]></code>
        <description><![CDATA[CakePHP]]></description>
    </codetemplate>
    <codetemplate abbreviation="cfhour" contexts="cake-code" xml:space="preserve">
        <code><![CDATA[echo $this->Form->hour('${field}'${cursor});]]></code>
        <description><![CDATA[CakePHP]]></description>
    </codetemplate>
    <codetemplate abbreviation="cfhid" contexts="cake-code" xml:space="preserve">
        <code><![CDATA[echo $this->Form->hidden('${field}'${cursor});]]></code>
        <description><![CDATA[CakePHP]]></description>
    </codetemplate>
    <codetemplate abbreviation="cho" contexts="cake-code" xml:space="preserve">
        <code><![CDATA[
public $hasOne = array(
	'${Profile}' => array(
		'className'    => '${Profile}',
		'conditions'   => '${conditions}',
		'dependent'    => ${true}
	)
);${cursor}]]></code>
        <description><![CDATA[CakePHP]]></description>
    </codetemplate>
    <codetemplate abbreviation="chm" contexts="cake-code" xml:space="preserve">
        <code><![CDATA[
public $hasMany = array(
	'${Comment}' => array(
		'className' => '${Comment}',
		'foreignKey' => '${user_id}',
		'conditions' => ${conditions},
		'order' => '${order}',
		'limit'  => ${limit},
		'dependent' => ${true}
	)
);${cursor}]]></code>
        <description><![CDATA[CakePHP]]></description>
    </codetemplate>
    <codetemplate abbreviation="cappua" contexts="cake-code" xml:space="preserve">
        <code><![CDATA[App::uses(${CakeAppUses});${cursor}]]></code>
        <description><![CDATA[CakePHP : detect classes]]></description>
    </codetemplate>
    <codetemplate abbreviation="chs" contexts="cake-code" xml:space="preserve">
        <code><![CDATA[h(${selection})${cursor}]]></code>
        <description><![CDATA[CakePHP]]></description>
    </codetemplate>
    <codetemplate abbreviation="cfpostb" contexts="cake-code" xml:space="preserve">
        <code><![CDATA[echo $this->Form->postButton('${title}', ${$url}${cursor});]]></code>
        <description><![CDATA[CakePHP]]></description>
    </codetemplate>
    <codetemplate abbreviation="ctext" contexts="cake-code" xml:space="preserve">
        <code><![CDATA[$this->Text->${cursor}]]></code>
        <description><![CDATA[CakePHP]]></description>
    </codetemplate>
    <codetemplate abbreviation="clay" contexts="cake-code" xml:space="preserve">
        <code><![CDATA[$this->layout = '${default}';${cursor}]]></code>
        <description><![CDATA[CakePHP]]></description>
    </codetemplate>
    <codetemplate abbreviation="crsse" contexts="cake-code" xml:space="preserve">
        <code><![CDATA[echo $this->Rss->${cursor}]]></code>
        <description><![CDATA[CakePHP]]></description>
    </codetemplate>
    <codetemplate abbreviation="cappu" contexts="cake-code" xml:space="preserve">
        <code><![CDATA[App::uses('${className}', '${location}');${cursor}]]></code>
        <description><![CDATA[CakePHP]]></description>
    </codetemplate>
    <codetemplate abbreviation="cmfind" contexts="cake-code" xml:space="preserve">
        <code><![CDATA[$this->${CakeModel}->find('${first}', ${$options})${cursor}]]></code>
        <description><![CDATA[CakePHP]]></description>
    </codetemplate>
    <codetemplate abbreviation="cfcreate" contexts="cake-code" xml:space="preserve">
        <code><![CDATA[echo $this->Form->create('${Model}'${cursor});]]></code>
        <description><![CDATA[CakePHP]]></description>
    </codetemplate>
    <codetemplate abbreviation="chmeta" contexts="cake-code" xml:space="preserve">
        <code><![CDATA[echo $this->Html->meta(${cursor});${cursor}]]></code>
        <description><![CDATA[CakePHP]]></description>
    </codetemplate>
    <codetemplate abbreviation="cfpostl" contexts="cake-code" xml:space="preserve">
        <code><![CDATA[echo $this->Form->postButton('${title}'${cursor});]]></code>
        <description><![CDATA[CakePHP]]></description>
    </codetemplate>
    <codetemplate abbreviation="cfsub" contexts="cake-code" xml:space="preserve">
        <code><![CDATA[echo $this->Form->submit(${cursor});]]></code>
        <description><![CDATA[CakePHP]]></description>
    </codetemplate>
    <codetemplate abbreviation="cssetf" contexts="cake-code" xml:space="preserve">
        <code><![CDATA[$this->Session->setFlash('${message}');${cursor}]]></code>
        <description><![CDATA[CakePHP]]></description>
    </codetemplate>
    <codetemplate abbreviation="crquery" contexts="cake-code" xml:space="preserve">
        <code><![CDATA[$this->request->query['${date}'];${cursor}]]></code>
        <description><![CDATA[CakePHP]]></description>
    </codetemplate>
    <codetemplate abbreviation="cmodelclass" contexts="cake-code" xml:space="preserve">
        <code><![CDATA[App::uses('AppModel', 'Model');

class ${CakeFileName} extends AppModel {
	public function ${method}() {
		${cursor}
	}
}]]></code>
        <description><![CDATA[CakePHP]]></description>
    </codetemplate>
    <codetemplate abbreviation="cend" contexts="cake-code" xml:space="preserve">
        <code><![CDATA[$this->end();${cursor}]]></code>
        <description><![CDATA[CakePHP]]></description>
    </codetemplate>
    <codetemplate abbreviation="cfyear" contexts="cake-code" xml:space="preserve">
        <code><![CDATA[echo $this->Form->year('${field}'${cursor});]]></code>
        <description><![CDATA[CakePHP]]></description>
    </codetemplate>
    <codetemplate abbreviation="cfin" contexts="cake-code" xml:space="preserve">
        <code><![CDATA[echo $this->Form->input('${field}'${cursor});]]></code>
        <description><![CDATA[CakePHP]]></description>
    </codetemplate>
    <codetemplate abbreviation="cfend" contexts="cake-code" xml:space="preserve">
        <code><![CDATA[echo $this->Form->end(${cursor});]]></code>
        <description><![CDATA[CakePHP]]></description>
    </codetemplate>
    <codetemplate abbreviation="cnumbere" contexts="cake-code" xml:space="preserve">
        <code><![CDATA[echo $this->Number->${cursor}]]></code>
        <description><![CDATA[CakePHP]]></description>
    </codetemplate>
    <codetemplate abbreviation="ccontclass" contexts="cake-code" xml:space="preserve">
        <code><![CDATA[App::uses('AppController', 'Controller');

class ${CakeFileName} extends AppController {
	public function ${view}($$${id}) {
		${cursor}
	}}]]></code>
        <description><![CDATA[CakePHP]]></description>
    </codetemplate>
    <codetemplate abbreviation="ccompclass" contexts="cake-code" xml:space="preserve">
        <code><![CDATA[App::uses('Component', 'Controller');

class ${CakeFileName} extends Component {
	public function ${method}() {
		${cursor}
	}
}]]></code>
        <description><![CDATA[CakePHP]]></description>
    </codetemplate>
    <codetemplate abbreviation="ctimee" contexts="cake-code" xml:space="preserve">
        <code><![CDATA[echo $this->Time->${cursor}]]></code>
        <description><![CDATA[CakePHP]]></description>
    </codetemplate>
    <codetemplate abbreviation="csid" contexts="cake-code" xml:space="preserve">
        <code><![CDATA[$this->Session->id(${id});${cursor}]]></code>
        <description><![CDATA[CakePHP]]></description>
    </codetemplate>
    <codetemplate abbreviation="cfcheck" contexts="cake-code" xml:space="preserve">
        <code><![CDATA[echo $this->Form->checkbox('${field}'${cursor});]]></code>
        <description><![CDATA[CakePHP]]></description>
    </codetemplate>
    <codetemplate abbreviation="credarr" contexts="cake-code" xml:space="preserve">
        <code><![CDATA[$this->redirect(array('controller' => '${name}', 'action' => '${name}'));${cursor}]]></code>
        <description><![CDATA[CakePHP]]></description>
    </codetemplate>
    <codetemplate abbreviation="cacl" contexts="cake-code" xml:space="preserve">
        <code><![CDATA[$this->Acl->${cursor}]]></code>
        <description><![CDATA[CakePHP]]></description>
    </codetemplate>
    <codetemplate abbreviation="chimg" contexts="cake-code" xml:space="preserve">
        <code><![CDATA[echo $this->Html->image('${path}');${cursor}]]></code>
        <description><![CDATA[CakePHP]]></description>
    </codetemplate>
    <codetemplate abbreviation="cris" contexts="cake-code" xml:space="preserve">
        <code><![CDATA[$this->request->is('${post}')${cursor}]]></code>
        <description><![CDATA[CakePHP]]></description>
    </codetemplate>
    <codetemplate abbreviation="cbehavclass" contexts="cake-code" xml:space="preserve">
        <code><![CDATA[class ${Name}Behavior extends ModelBehavior {
	public function ${method}() {
		${cursor}
	}
}]]></code>
        <description><![CDATA[CakePHP]]></description>
    </codetemplate>
    <codetemplate abbreviation="crin" contexts="cake-code" xml:space="preserve">
        <code><![CDATA[$this->request->input(${cursor});${cursor}]]></code>
        <description><![CDATA[CakePHP]]></description>
    </codetemplate>
    <codetemplate abbreviation="celcache" contexts="cake-code" xml:space="preserve">
        <code><![CDATA[echo $this->element('${element}', ${array()}, array('cache' => true));${cursor}]]></code>
        <description><![CDATA[CakePHP]]></description>
    </codetemplate>
    <codetemplate abbreviation="csread" contexts="cake-code" xml:space="preserve">
        <code><![CDATA[$this->Session->read('${name}');${cursor}]]></code>
        <description><![CDATA[CakePHP]]></description>
    </codetemplate>
    <codetemplate abbreviation="chelp" contexts="cake-code" xml:space="preserve">
        <code><![CDATA[public $helpers = array('${Helper}');${cursor}]]></code>
        <description><![CDATA[CakePHP]]></description>
    </codetemplate>
</codetemplates>
